{"version": "1", "message": "ERROR: Hidden Testcases server unreachable.", "problem_id": "ADS-1 remedial-2", "user_id": "Surya", "score": {"sample": {"0": {"execution_time": 0.4017457962036133, "passed": false}, "1": {"execution_time": 0.2258455753326416, "passed": false}, "2": {"execution_time": 0.22450041770935059, "passed": false}, "3": {"execution_time": 0.22425365447998047, "passed": false}, "4": {"execution_time": 0.22087502479553223, "passed": false}, "5": {"execution_time": 0.22362160682678223, "passed": false}, "6": {"execution_time": 0.22208237648010254, "passed": false}, "7": {"execution_time": 0.2220470905303955, "passed": false}, "8": {"execution_time": 0.22586989402770996, "passed": false}, "9": {"execution_time": 0.20627903938293457, "passed": false}}}, "check_style_score": "0/1"}