{"version": "1", "message": "ERROR: Hidden Testcases server unreachable.", "problem_id": "ADS-1 remedial-2", "user_id": "Surya", "score": {"sample": {"0": {"execution_time": 1.099256992340088, "passed": true}, "1": {"execution_time": 1.1102402210235596, "passed": false}, "2": {"execution_time": 0.9499752521514893, "passed": false}, "3": {"execution_time": 1.3283729553222656, "passed": false}, "4": {"execution_time": 1.1324961185455322, "passed": false}, "5": {"execution_time": 1.1614484786987305, "passed": false}, "6": {"execution_time": 0.988919734954834, "passed": false}, "7": {"execution_time": 1.1058268547058105, "passed": false}, "8": {"execution_time": 1.0893750190734863, "passed": false}, "9": {"execution_time": 0.9080886840820312, "passed": false}}}, "check_style_score": "0/1"}