{"version": "1", "message": "ERROR: Hidden Testcases server unreachable.", "problem_id": "ADS-1 remedial-2", "user_id": "Surya", "score": {"sample": {"0": {"execution_time": 0.7839605808258057, "passed": false}, "1": {"execution_time": 0.34580135345458984, "passed": false}, "2": {"execution_time": 0.3128058910369873, "passed": false}, "3": {"execution_time": 0.3214871883392334, "passed": false}, "4": {"execution_time": 0.3121476173400879, "passed": false}, "5": {"execution_time": 0.3169131278991699, "passed": false}, "6": {"execution_time": 0.3155043125152588, "passed": false}, "7": {"execution_time": 0.30676770210266113, "passed": false}, "8": {"execution_time": 0.311450719833374, "passed": false}, "9": {"execution_time": 0.3227074146270752, "passed": false}}}, "check_style_score": "0/1"}