{"version": "1", "message": "ERROR: Hidden Testcases server unreachable.", "problem_id": "ADS-1 remedial-2", "user_id": "Surya", "score": {"sample": {"0": {"execution_time": 1.062455654144287, "passed": false}, "1": {"execution_time": 1.1987717151641846, "passed": false}, "2": {"execution_time": 0.8995575904846191, "passed": false}, "3": {"execution_time": 1.2067229747772217, "passed": false}, "4": {"execution_time": 1.0819745063781738, "passed": false}, "5": {"execution_time": 1.2950241565704346, "passed": false}, "6": {"execution_time": 0.949481725692749, "passed": false}, "7": {"execution_time": 0.8946888446807861, "passed": false}, "8": {"execution_time": 0.9190151691436768, "passed": false}, "9": {"execution_time": 1.0736124515533447, "passed": false}}}, "check_style_score": "0/1"}