{"version": "1", "message": "ERROR: Hidden Testcases server unreachable.", "problem_id": "ADS-1 remedial-2", "user_id": "Surya", "score": {"sample": {"0": {"execution_time": 0.31768035888671875, "passed": false}, "1": {"execution_time": 0.30968642234802246, "passed": false}, "2": {"execution_time": 0.3318297863006592, "passed": false}, "3": {"execution_time": 0.4424290657043457, "passed": false}, "4": {"execution_time": 0.44510507583618164, "passed": false}, "5": {"execution_time": 0.3192615509033203, "passed": false}, "6": {"execution_time": 0.3068583011627197, "passed": false}, "7": {"execution_time": 0.31910276412963867, "passed": false}, "8": {"execution_time": 0.3000633716583252, "passed": false}, "9": {"execution_time": 0.3563258647918701, "passed": false}}}, "check_style_score": "0/1"}