{"version": "1", "message": "ERROR: Hidden Testcases server unreachable.", "problem_id": "ADS-1 remedial-2", "user_id": "Surya", "score": {"sample": {"0": {"execution_time": 0.8580541610717773, "passed": false}, "1": {"execution_time": 0.7777013778686523, "passed": false}, "2": {"execution_time": 0.9132843017578125, "passed": false}, "3": {"execution_time": 0.672670841217041, "passed": false}, "4": {"execution_time": 1.0088856220245361, "passed": false}, "5": {"execution_time": 0.9481678009033203, "passed": false}, "6": {"execution_time": 0.9775404930114746, "passed": false}, "7": {"execution_time": 0.9402503967285156, "passed": false}, "8": {"execution_time": 1.0153331756591797, "passed": false}, "9": {"execution_time": 0.8781917095184326, "passed": false}}}, "check_style_score": "0/1"}