{"version": "1", "message": "ERROR: Hidden Testcases server unreachable.", "problem_id": "ADS-1 remedial-2", "user_id": "Surya", "score": {"sample": {"0": {"execution_time": 2.1047914028167725, "passed": false}, "1": {"execution_time": 2.0751383304595947, "passed": false}, "2": {"execution_time": 2.0448386669158936, "passed": false}, "3": {"execution_time": 1.9118998050689697, "passed": false}, "4": {"execution_time": 1.8839192390441895, "passed": false}, "5": {"execution_time": 1.8569347858428955, "passed": false}, "6": {"execution_time": 2.1588199138641357, "passed": false}, "7": {"execution_time": 1.883918046951294, "passed": false}, "8": {"execution_time": 2.135028600692749, "passed": false}, "9": {"execution_time": 1.0344069004058838, "passed": true}}}, "check_style_score": "0/1"}