{"version": "1", "message": "ERROR: Hidden Testcases server unreachable.", "problem_id": "ADS-1 remedial-2", "user_id": "Surya", "score": {"sample": {"0": {"execution_time": 1.1941204071044922, "passed": false}, "1": {"execution_time": 1.2127699851989746, "passed": false}, "2": {"execution_time": 0.9409618377685547, "passed": false}, "3": {"execution_time": 1.124821662902832, "passed": false}, "4": {"execution_time": 1.1050691604614258, "passed": false}, "5": {"execution_time": 1.3323392868041992, "passed": false}, "6": {"execution_time": 1.0034003257751465, "passed": false}, "7": {"execution_time": 0.8734495639801025, "passed": false}, "8": {"execution_time": 1.1564209461212158, "passed": false}, "9": {"execution_time": 0.9674623012542725, "passed": false}}}, "check_style_score": "0/1"}