{"version": "1", "message": "ERROR: Hidden Testcases server unreachable.", "problem_id": "ADS-1 remedial-2", "user_id": "Surya", "score": {"sample": {"0": {"execution_time": 0.3768622875213623, "passed": false}, "1": {"execution_time": 0.47992467880249023, "passed": false}, "2": {"execution_time": 0.3250710964202881, "passed": false}, "3": {"execution_time": 0.32221269607543945, "passed": false}, "4": {"execution_time": 0.32555127143859863, "passed": false}, "5": {"execution_time": 0.38384318351745605, "passed": false}, "6": {"execution_time": 0.32298874855041504, "passed": false}, "7": {"execution_time": 0.33492588996887207, "passed": false}, "8": {"execution_time": 0.3326547145843506, "passed": false}, "9": {"execution_time": 0.34968113899230957, "passed": false}}}, "check_style_score": "0/1"}