{"version": "1", "message": "ERROR: Hidden Testcases server unreachable.", "problem_id": "ADS-1 remedial-2", "user_id": "Surya", "score": {"sample": {"0": {"execution_time": 0.376784086227417, "passed": false}, "1": {"execution_time": 0.32271742820739746, "passed": false}, "2": {"execution_time": 0.3321497440338135, "passed": false}, "3": {"execution_time": 0.33786535263061523, "passed": false}, "4": {"execution_time": 0.3173792362213135, "passed": false}, "5": {"execution_time": 0.3287618160247803, "passed": false}, "6": {"execution_time": 0.32581377029418945, "passed": false}, "7": {"execution_time": 0.31963133811950684, "passed": false}, "8": {"execution_time": 0.5268845558166504, "passed": false}, "9": {"execution_time": 0.3153538703918457, "passed": false}}}, "check_style_score": "0/1"}